Title,MRP,Discount_price,Discount in percentage
Srushti Gold is now Leoron 2 L Aluminium OuterLid Pressure Cooker With Induction Base,"1,000",625,
Srushti Gold is now Leoron 3 L Hard Anodized OuterLid Pressure Cooker With Induction Base,"1,946","1,099",
Srushti Gold is now Leoron 2 L Stainless Steel OuterLid Pressure Cooker With Induction Base,"1,785",875,
Goodflame Hard Anodized 3 Ltr. Pressure Cooker(Induction Base Black),"4,099","1,299",
Carnival inner lid cooker 1.5 L Aluminium InnerLid Pressure Cooker Without Induction Base,"1,020",585,
Milton Pro Cook Sandwich Bottom Stainless Steel Pressure Cooker with Inner Lid  5 Litres  Silver | Food Grade Nitrile Gasket | Induction | Hot Plate | Flame Safe,"3,475","2,606",
Srushti Gold is now Leoron 3 L Aluminium OuterLid Pressure Cooker Gas Stovetop Compatible,"1,229",625,
Carnival Red cooker 1.5 L Aluminium InnerLid Pressure Cooker With Induction Base,"1,599",721,
Goodflame Handi 3 Ltr. Pressure Cooker(Induction Base Silver),"4,099","1,075",
Srushti Gold is now Leoron 2 L Aluminium OuterLid Pressure Cooker Gas Stovetop Compatible,950,625,
Milton Pro Cook Triply Pressure Cooker With Outer Lid ( 5 litre) Silver,"4,625","3,465",
Srushti Gold is now Leoron 5 L Aluminium OuterLid Pressure Cooker With Induction Base,"1,450",749,
Milton Pro Cook Sandwich Bottom Stainless Steel Pressure Cooker with Outer Lid  3 Litres  Silver | Gasket Release System Food Safe | Food Safe | Induction | Hot Plate | Flame Safe,"2,665","1,999",
Carnival Blue cooker 1.5 L Aluminium InnerLid Pressure Cooker With Induction Base,"1,599",721,
Srushti Gold is now Leoron 3 L Aluminium InnerLid Pressure Cooker Gas Stovetop Compatible,"1,135",649,
Pigeon 3 L 2 L Aluminium OuterLid Pressure Cooker Without Induction Base,"2,195","1,149",
Srushti Gold 5 L Aluminium OuterLid Pressure Cooker Without Induction Base,"1,300",925,
Milton Pro Cook Aluminium Induction Pressure Cooker With Inner Lid  2 litre  Silver,"1,400","1,050",
Pigeon Favourite 5 L Aluminium OuterLid Pressure Cooker With Induction Base,"1,645","1,349",
Carnival Red cooker 3.5 L Aluminium InnerLid Pressure Cooker With Induction Base,"1,799",980,
Kitchen Krafts - K1001108k Copper Stainless Steel Cook n Serve Casseroles ( Set of 5 ) 5500 ml,"1,199",519,
HOMETALES - Red Aluminium Non-Stick Cookware Sets ( Set of 4 ),"2,699","1,299",
HOMETALES - Silver Stainless Steel Enamle ( Set of 3 ),"1,299",419,
HOMETALES - Red Aluminium Non-Stick Cookware Sets ( Set of 2 ),"1,399",769,
Milton Pro Cook Triply Stainless Steel Tasla with Lid  26 cm / 3.6 Litre  Silver | Dishwasher Safe | Sturdy Handles | induction Safe | Flame Safe | Hot Plate Safe,"3,120","2,339",
Kitchen Krafts COPPOER BOTTOM HANDI 5 Piece Cookware Set,"1,499",725,
Navrang Nonstick Roti Tawa Aluminum 27.5cm,598,419,
HOMETALES Stainless Steel Cook & Serve Dutch oven/Handi Pack of 2  with Glass Lid  (1000ml each),"1,299",589,
HOMETALES Non-Stick Cookware Set of 4  Kadai (2200ml)  Frypan (1400ml)  Flat Tawa (25cm) & Steel Lid  2.5mm Thickness,"2,299","1,109",
The Indus Valley Dutch Oven with Lid- 2 Piece Cookware Set,"4,000","2,109",
Dynore Non stick 5 Piece Cookware Set,"2,500","1,749",
HOMETALES Non-Stick Cookware Set of 3  23cm Kadai (2200ml)  23cm Frypan (1400ml) & Common Steel Lid  Induction Compatible  2.5mm Thickness,"1,999",959,
Navrang 2pc Non Stick Combo Set Dosa Tawa (27cm) and Fry Pan (23cm),925,649,
Milton Pro Cook Triply Stainless Steel Tasla with Lid  30 cm / 5.7 Litre  Silver | Dishwasher Safe | Sturdy Handles | induction Safe | Flame Safe | Hot Plate Safe,"3,940","2,949",
HOMETALES Red Color Stainless Steel Serving Handi Set of 10 U (5 U Handi & 5 U Serving Spoons)  Induction Compatible,"1,799",869,
Milton Pro Cook Kitchen Jewel Set of 5 (Fry pan 24 cm/1.6 Litres; Kadhai 24 cm/2.5 Litres with glass lid; Tawa 25 cm;Nylon Laddle and Spatula)  Maroon | Induction | Dishwasher | Hot Plate | Flame Safe,"5,500","1,599",
HOMETALES Stainless Steel Cookware Set of 2- Kadai - 2000ml  Saucepan - 1500ml,"1,699",789,
Milton Pro Cook Kitchen Jewel Set of 5 (Fry pan 24 cm/1.6 Litres; Kadhai 24 cm/2.5 Litres with glass lid; Tawa 25 cm; Nylon Laddle and Spatula)  Peach | Induction | Dishwasher | Hot Plate | Flame Safe,"5,500","1,599",
HOMETALES - Red Aluminium Non-Stick Cookware Sets ( Set of 2 ),"1,399",429,
HOMETALES Stainless Steel Round Adak (Gunj) / Milk Pan Set Of 3  (1000Ml  1450Ml  1850Ml),"1,499",899,
HOMETALES - Aluminium No Coating Fry Pan ml ( Pack of 1 ),799,552,
HOMETALES - Aluminium No Coating Handi ml ( Pack of 1 ),"1,799",759,
HOMETALES Stainless Steel Multi-Purpose Tope / Patila Set of 5  Capacity (500ml  750ml  1000ml  1300ml  1600ml)  Silver finish  Food Grade,"1,599",609,
Neelam Regular Sauce Pan No Coating Stainless Steel Sauce Pan 15 cm 1150 mL,385,219,
Carnival - Plane handi 7.5 ltr Aluminium No Coating Handi 7500 ml ( Pack of 1 ),"1,890","1,003",
Kitchen Krafts - CB handi -Steel Lid Copper No Coating Handi 5500 ml ( Pack of 5 ),"1,599",625,
HomePro - Red Appam Aluminium Non-Stick Appam Patra 1200 ml ( Pack of 1 ),999,299,
HOMETALES Stainless Steel Cook and Serve Tope  Set of 3 (1000ml  1500ml  2000ml),"1,299",579,
HOMETALES Non-stick Aluminium Handi/Belly Stewpan/Casserole with Lid (3000ml) Granite Finish  3mm Thickness  Induction Compatible,"1,799",799,
Carnival - Kadhai1.5ltr withlid Aluminium Ceramic Pan ml ( Pack of 1 ),799,442,
The Indus Valley Cast Iron No Coating Iron Tadka Pan 22 cm 300 mL,800,289,
bartan hub Pongal Handi No Coating Stainless Steel Handi 16 cm 2500 mL,799,439,
Veer - Iron Tadka Pan ( Pack of 1 ),599,219,
HOMETALES Aluminium 23cm Fry Pan (1200 ml)  Silver Finish  Food Grade,849,499,
HOMETALES Non-Stick 25cm Flat Tawa Induction Base 2.5mm Thickness,999,560,
Carnival - Plane handi 4 ltr Aluminium No Coating Handi 4000 ml ( Pack of 1 ),"1,099",608,
HomePro - Fry Pan Tawa Kadhai Aluminium Non-Stick Fry Pan ml ( Pack of 3 ),"2,499","1,099",
NanoNine - Stainless Steel No Coating Milk Boiler 2000 ml ( Pack of 1 ),"1,053",799,
HOMETALES - Aluminium No Coating Sauce Pan 1400 ml ( Pack of 1 ),"1,099",379,
Navrang sauce pan Non-Stick Aluminum Sauce Pan 11 cm 1500 mL,625,419,
Veer - Iron Regular Tawa ( Pack of 1 ),"1,790",259,
HomePro - Dosa Tawa | Non-Stick Aluminum | Bakelite Handle | Induction & Gas Stove | ( Pack of 1 ),999,539,
HOMETALES 26cm Classic Iron Concave Tawa  2 mm Thickness,"1,399",419,
The Indus Valley Super Smooth Cast Iron Tawa 11 inch Dia,"2,500",799,
HOMETALES 12 Inch DOSA / chapati /Paratha MULTI-USE Tawa with Steel Handle (30cm),"1,499",449,
HOMETALES - Iron Dosa Tawa ( Pack of 1 ),999,359,
HOMETALES 28cm Flat Iron Dosa Tawa  2 mm Thickness,"1,099",329,
Master Perfect Aluminium Dosa Tawa 28 CM,699,339,
HOMETALES - Aluminium Concave Tawa ( Pack of 1 ),799,389,
HOMETALES - Iron Dosa Tawa ( Pack of 1 ),999,382,
HOMETALES - Iron Dosa Tawa ( Pack of 1 ),"1,599",451,
Veer Deluxe handle - Iron Dosa Tawa ( Pack of 1 ),"1,525",339,
HOMETALES Non-stick 26cm Aluminium Dosa / Flat Tawa  Granite Finish  2.8mm Thickness  Induction Compatible,"1,599",769,
Veer - Iron Concave Tawa ( Pack of 1 ),"1,235",274,
Milton Pro Cook Granito Induction Omni Tawa  26 cm  Burgundy,"1,270",799,
Master Perfect Aluminium Dosa Tawa 26 cm,619,389,
Veer - Iron Regular Tawa ( Pack of 1 ),"1,720",339,
Master Perfect Aluminium Dosa Tawa 26 cm,619,329,
Master Healthy Non Stick Dosa Tawa 26 cm Tawa 2.6 mm,619,319,
Veer Dosa Mild Steel Tawa 3.5,"1,265",469,
Veer - Iron Non coated Shallow Kadhai 2 mm ( 1 ) L,"1,255",395,
Veer - Iron Non coated Deep Kadhai 2 mm ( 1 ) L,"1,370",339,
HOMETALES - Aluminium Non-Stick Deep Kadhai 3 mm ( 2.3 ) L,"1,399",639,
Veer - Iron Non coated Deep Kadhai 750 ml,"2,200",479,
Carnival - Aluminium Ceramic Deep Kadhai 3.25 mm ( 6.5 ) L,"1,399",769,
Veer - Iron Non coated Deep Kadhai 4000 ml,"5,250",819,
Milton Pro Cook Stainless Steel Sandwich Bottom Kadhai with Glass Lid  22 cm / 2 Litres  Steel Plain,"1,220",915,
Veer - Iron Non coated Shallow Kadhai 4,"2,540",649,
Veer - Iron Non coated Deep Kadhai 1000 ml,"2,340",525,
MPC KADHAI 26 CM WITH LID- TRIPLY,"3,920","2,939",
The Indus Valley - Iron Non coated Shallow Kadhai 4 mm ( 2 ) L,"2,000",799,
Veer - Iron Non coated Deep Kadhai 1750 ml,"2,095",489,
Milton Pro Cook Stainless Steel Sandwich Bottom Kadhai with Glass Lid  28 cm / 4.2 Litres  Steel Plain,"1,720","1,290",
Milton Pro Cook Granito Induction Kadhai With Glass Lid  30 cm / 4.9 Litre  Black,"2,375","1,781",
Veer Tasla Deep Kadhai 500 mL,"1,115",279,
Milton Pro Cook Stainless Steel Sandwich Bottom Kadhai with Glass Lid  20 cm / 1.68 Litres  Steel Plain,"1,075",806,
HOMETALES Aluminium Deep Kadhai (23cm)  Capacity 2200ml  Hammertone finish  Induction compatible,"1,799",869,
Veer - Iron Deep Kadhai 2 mm ( 1 ) L,"1,745",269,
MPC KADHAI 20 CM WITH LID- TRIPLY,"3,075","2,299",
Platt Onyx Granite Non Stick Aluminum 24cm Kadai with Glass Lid Color Dark Grey  - Aluminium Deep Kadhai 2 mm ( 2.5 ) L,"1,690",599,
HOMETALES Multipurpose cooker Stainless Steel Idli Cooker mL,"1,500",759,
HOMETALES Stainless Steel Idli Stand  Idli Maker Plate (Triangle)  3 Plates (5 Idli X 3 Plates)  (15 Idli),"2,199",429,
Pigeon 4 Plates 16 Idlis Stainless Steel Idli Cooker mL,"1,495","1,099",
AQUIRIOS Copper Bottom Steel Multi Kadhai 2000 mL,"2,000","1,199",
The Indus Valley Stainless Steel Steamer mL,"1,665",725,
Dynore Steel Idli Mould mL,699,329,
Pigeon 6 Plates 24 idli Stainless Steel Idli Cooker mL,"1,825","1,349",
AQUIRIOS COPPER BOTTOM Steel Idli Cooker 2000 mL,"2,499","1,349",
Dynore Appam 12 Regular Aluminium Appam Patra mL,650,389,
AQUIRIOS SANDWITCH BOTTOM Steel Multi Kadhai 2000 mL,"2,700","1,399",
AQUIRIOS Copper Bottom 5 IN 1 Stainless Steel Multi Kadhai 2000 mL,"3,400","2,027",
Dynore Triangle Idli Stand Stainless Steel Idli Mould mL,699,379,
AQUIRIOS Copper Bottom 6 IN 1 Stainless Steel Idli Cooker mL,"2,900","1,449",
AQUIRIOS HEAVY MULTI KADHAI Steel Steamer 3000 mL,"6,200","2,796",
AQUIRIOS Copper Bottom 6 IN 1 Stainless Steel Multi Kadhai mL,"2,900","1,449",
AQUIRIOS Plain Bottom Steel Idli Cooker 2000 mL,"2,000","1,149",
LEROYAL Premium & Modern Stainless Steel Momo Maker mL,"1,999",775,
AQUIRIOS Plain Bottom 6 IN 1 Stainless Steel Idli Cooker mL,"2,800","1,399",
D boril Plastic Egg Boiler ml,"1,999",797,
AQUIRIOS Sandwich Bottom 6IN1 Stainless Steel Idli Cooker mL,"3,000","1,499",
Dynore Steel Barbeque Tong,450,189,
Dynore Steel Skewers,799,289,
Gatih Steel Skewers,699,299,
Rohinoj flagship Silicon Barbeque Gloves,699,239,
Rangwell Steel Barbeque toolset,"1,499",379,
Ami Polymer Silicon Barbeque Gloves,700,289,
Ubuntu Wood Skewers,"1,400",349,
GKBOSS Steel Barbeque Grill,599,359,
KONFIZ Silicon Barbeque Brush,799,359,
DREAMSKART Steel Skewers,999,399,
KONFIZ Wood Barbeque Brush,599,359,
HOMETALES Silver Plated Brass Carved Glasses Set Of 2 Pcs,"2,000",869,
HOMETALES Silver Plated Bowl,"3,500","1,010",
HOMETALES - Silver Stainless Steel Dinner Set ( Pack of 24 ),"2,399","1,259",
HOMETALES - 7 Pcs Copper Plated Dinner Set Silver Stainless Steel Dinner Set ( Pack of 7 ),"3,999","1,659",
Carnival - M-919 FULL+HALF 12 Multicolor Melamine Dinner Set ( Pack of 12 ),"1,350",636,
Carnival - M-502 round dinner set 32 pcs Multicolor Melamine Dinner Set ( Pack of 32),"1,999","1,177",
HOMETALES Silver And Golden Color Plated Brass Bowl And Tray - Set Of 5,"1,200",529,
Carnival - Green full and half plate12 pc Green Melamine Dinner Set ( Pack of 12 ),"1,299",659,
LEROYAL - Khumcha/DInner Plates/Thali Silver Stainless Steel Dinner Set ( Pack of 4 ),999,399,
HOMETALES - Silver Stainless Steel Dinner Set ( Pack of 16 ),"2,199","1,099",
HOMETALES Royal Handcrafted Twin - Swan Bowl With Spoon - Silver,"1,499",529,
SAGER Bhojan Thali Stainless Steel Dinner Set of 2 Pieces,"1,799",469,
HOMETALES German Silver Duck Bowl Set,"1,000",439,
Neelam DDNS026P Stainless Steel Dinner Set of 26 Pieces,"3,390","2,466",
Carnival - M-917 Full+Half plate 12 Multicolor Melamine Dinner Set ( Pack of 12 ),"1,290",659,
Dynore Bowls with lid Stainless Steel Dinner Set of 3 Pieces,990,649,
Carnival - M-302 FULL+HALF 12 Multicolor Melamine Dinner Set ( Pack of 12 ),"1,350",637,
Dynore Round shape glass Stainless Steel Dinner Set of 12 Pieces,"1,100",649,
Homepro Floral White & Blue Melamine 32 Pcs Dinner Set,"2,999","1,299",
Carnival - Banana full plate 6 pcs Green Melamine Dinner Set ( Pack of 6 ),799,395,
SR STAINLESS STEEL 300 ML GLASSES-12 PCS. Stainless Steel 300 ml Glasses,"1,900",599,
BrassCity Brass Designer Glasses 6pc set 220ml,"3,594","1,849",
HOMETALES Stainless Steel Tumblers  Pack of 12 U  300 ml per unit,"1,499",649,
HOMETALES - Glass Set Steel Glasses 300 ml ( Pack of 2 ),"1,499",589,
A & H ENTERPRISES - Heavy Water Brass Glasses Set 250 ml ( Pack of 2 ),"1,199",675,
Somil Glass Drinking Glass  Transparent  Pack Of 4  300 ml,"1,030",279,
HOMETALES - 2 Blue Goblet Glass Steel Glasses Set 250 ml ( Pack of 2 ),750,505,
HOMETALES Stainless Steel Tumblers  Pack of 4 U  300 ml per unit,799,339,
Somil Glass Drinking Glass  Transparent  Pack Of 6  300 ml,"1,477",389,
AFAST Glass 300 ml Jugs & Glasses Sets,"3,156",849,
LEROYAL Stainless Steel 300 ml Glasses,699,219,
A & H ENTERPRISES - Daily Use Brass Glasses 200 ml ( Pack of 3 ),"1,699",675,
Somil Glass Wine Glasses  Transparent  Pack Of 2  300 ml,737,189,
Raghav Copperware Copper 300 ml Glasses,"1,299",749,
HOMETALES Stainless Steel Glasses  350ml per Unit  Pack of 4 (Heavy 22 gauze),849,429,
HOMETALES Plastic Wavy Tumblers Pack of 6  Multicolor  350ml Each,499,209,
Treo By Milton Crystal On The Rocks Set of 7 Pieces (1 - Ice Pail; 6 - Tumbler  295 ml Each)  Glass  Transparent | Glass Ice Bucket | Wine | Home | Restaurants | Easy To Clean,"1,150",874,
LEROYAL Stainless Steel 300 ml Glasses set of 6 ,999,419,
Somil Glass Drinking Glass  Transparent  Pack Of 6  300 ml,"1,647",449,
A & H ENTERPRISES - Brass Glasses 250 ml ( Pack of 1 ),599,359,
HOMETALES German Silver Plated Gift bowl Tray set,"1,000",299,
Stainless Steel Elegant Yellow cake stand,"1,035",599,
A M E  (7 Pcs ) Wooden Serving Spoon Sheesam Wood,499,169,
HOMETALES German Silver Plated Gift Bowl & Tray Set,799,299,
HOMETALES Silver Plated Mini Duck Tray With Spoon,999,579,
HOMETALES Stainless Steel Serving Handi Set Of 2  (1000Ml  1500Ml),"1,299",599,
HOMETALES Melamine Printed Serving Tray Medium  Multicolor (2U),"1,499",349,
Dynore - Silver Serving Bucket ( Pack of 1 ),500,249,
HOMETALES - Serving Tray Silver Serving Tray ( Set of 1 ),999,289,
HomePro - Multicolor Serving Bowl ( Set of 2 ),"1,198",519,
HOMETALES German Silver Plated Bowl & Tray Set,"1,000",339,
Dynore - Copper Serving Bucket ( Set of 2 ),999,599,
Dynore Stainles s Steel Tray For 6 Cups,570,219,
HOMETALES Silver Plated 3 Kamal Bowl With Spoon With Tray,"3,999",795,
A & H ENTERPRISES Set of 2 Pc Laser Design Serving Bowls With Lid ( Dongas ) - Stainless Steel,799,519,
HOMETALES German Silver Plated Gift Bowl Set of 2U with Spoons,"1,500",319,
HOMETALES - Multicolor Serving Tray ( Set of 2 ),"1,299",629,
A & H ENTERPRISES - Silver Serving Bowl ( Pack of 6 ),"1,099",799,
HomePro - Blue Floral Design Tray Multicolor Serving Tray ( Set of 1 ),498,269,
Kitchen Krafts 6 pcs cookware set Stainless Steel Dinner Set of 6 Pieces,"1,199",469,
KC Wooden Cooking Spatula & Serving Spoon Non-Stick Kitchen Utility Set of 7 Large and Sturdy,499,189,
Analog kitchenware - Silver Stainless Steel Tea Spoon ( Pack of 12 ),"1,299",279,
Dynore - Silver Stainless Steel Soda Spoon ( Pack of 6 ),599,179,
Analog Kitchenware - Silver Stainless Steel 24 Pcs Cutlery Set With Stand,"1,499",419,
HOMETALES Stainless Steel Cutlery Set of 18 (6 Tea Spoon  6 Baby Spoon and 6 Baby Fork),799,299,
HOMETALES - Steel Stainless Steel Ice Cream Spoon ( Pack of 6 ),999,229,
A & H ENTERPRISES - Brass Brass Serving Spoon ( Pack of 3 ),"1,599",825,
Divyamole 12 Pcs Stainless Steel Baby Spoon,999,179,
HOMETALES - Silver Stainless Steel Soda Spoon ( Pack of 2 ),999,179,
A & H ENTERPRISES - Brass Brass Table Spoon ( Pack of 4 ),799,329,
Analog kitchenware - Silver Stainless Steel Tea Spoon ( Pack of 6 ),999,159,
A & H ENTERPRISES - Brass Brass Serving Spoon ( Pack of 2 ),"1,299",625,
Mosaic Omega Silver Soup Spoon Set Of 12,679,299,
HOMETALES - Silver Stainless Steel Cutlery Set ( Pack of 24 ),"1,499",639,
LEROYAL - Silver Stainless Steel Ice Cream Spoon ( Pack of 6 ),599,169,
HOMETALES Stainless Steel Serving Tools Set of 4 (1 Skimmer  1 Ladle  1 Serving Spoon & 1 Turner),599,289,
Analog kitchenware - Silver Stainless Steel Cutlery Set 24 Pcs,"1,299",419,
ADITYA PRODUCT 1 Pcs Stainless Steel Cutlery Holder,699,169,
HOMETALES - Stainless Steel Cutlery Set of 18 ( 6U Dinner Spoon  6U Baby Fork  6U Baby Spoon )  1.8mm Thickness,999,229,
ZMS MARKETING 12 Pcs Stainless Steel Fruit Fork,499,209,
"	LEROYAL-5 Pcs Copper Bottom Serving Handi Set (500ml   750ml  1000ml  1350ml & 1900ml)",999,569,
Dynore - Butter Dish Stainless Steel Casserole Bowl 250 mL ( Set of 2 ),699,329,
HOMETALES Stainless Steel Dessert Bowl With Spoon  150ml each  (Pack of 12),"1,299",529,
A & H ENTERPRISES - Big Bowl / Katori /Sabzi Bowl Brass Cereal Bowl 300 mL ( Set of 2 ),"1,099",625,
A & H ENTERPRISES 8 Pcs Stainless Steel Cereal Bowl 200 mL,899,625,
Dynore - Sauce Cup 75 ml Stainless Steel Chip&Dip Bowl 75 mL ( Set of 12 ),449,179,
A & H ENTERPRISES 6 Pcs Stainless Steel Cereal Bowl 180 mL,799,439,
HOMETALES Stainless Steel Veg Bowl / Sada Vati  300ml per Unit  Pack of 4 (Heavy 22 gauze),899,259,
Inpro - Snacks Melamine Bowls Melamine Snacks Bowl 150 mL ( Set of 12 ),999,489,
A & H ENTERPRISES - Sweet Dish Bowl /  Halwa Plate Brass Decorative Bowl 100 mL ( Set of 3 ),"1,299",675,
Inpro - Snacks Plastic Bowls Plastic Bowl Set 150 mL ( Set of 12 ),999,279,
Ashu - Stainless Steel Bowl Set 1600 mL ( Set of 3 ),999,359,
A & H ENTERPRISES - Sweet Dish Bowl / Halwa Bowl Brass Dessert Bowl 100 mL ( Set of 1 ),599,239,
Inpro - Snacks Melamine Bowls Melamine Snacks Bowl 150 mL ( Set of 6 ),699,299,
Somil - Serving And Designer Bowl Glass Serving Bowl 100 mL ( Set of 1 ),"2,728",725,
HOMETALES 5 Pcs Copper Bottom Serving Handi Set (500ml   750ml  1000ml  1350ml & 1900ml),"1,299",589,
Ashu - Stainless Steel Storage Bowl 1600 mL ( Set of 3 ),999,399,
Treo By Milton 1000 Handcrafted Designer Bowl  870 ml  Bloom | Microwave Safe | Oven Safe | Dishwasher Safe | Freezer Safe | Food Grade | Serving | Salad,290,202,
A & H ENTERPRISES - ICE CREAM CUP /Sweet Dish Bowl Steel Pudding Bowl 180 mL ( Set of 2 ),"1,699",625,
HOMETALES Melamine Printed Serving Bowl 220 ml Multicolor (6U),899,349,
HOMETALES Stainless Steel 2 in 1 Partition Plate  22cm Length per unit  (Pack of 6),"1,099",409,
LEROYAL 6 Pcs Stainless Steel Silver Dessert Plate,799,259,
HOMETALES Stainless Steel Dessert Plate  11cm Dia per unit  (Pack of 6),999,299,
ZMS MARKETING 6 Pcs Stainless Steel Steel Rice Plate,999,749,
Inpro 12 Pcs Plastic Black Quarter Plate,999,349,
Dynore 6 Pcs Stainless Steel Quarter Plate,700,329,
HOMETALES Stainless Steel 12 Inches N. P Khumcha Plate With Laser Etching  Pack Of 4  Heavy 22 Gauze,"1,499",589,
HOMETALES Stainless Steel Halwa Plate with Laser Design  24 gauze (4U),799,389,
HOMETALES Stainless Steel 3 in 1 Square Pav Bhaaji Partition plate  Pack of (4U),"1,099",529,
A & H ENTERPRISES 1 Pcs Brass Brass Full Plate,"1,699",699,
Inpro 6 Pcs Melamine Black Quarter Plate,699,349,
A & H ENTERPRISES 1 Pcs Brass Brass Quarter Plate,"1,499",499,
Inpro 12 Pcs Melamine Multi Color Half Plate,"1,399",575,
Dynamic Store 6 Pcs Stainless Steel Silver Partition Plate,999,399,
HOMETALES Stainless Steel 12 Inches N. P Khumcha Plate With Laser Etching Pack Of 2  Heavy 22 Gauze,899,319,
HOMETALES Melamine Printed Leaf Design Quarter Plate White (6U),"1,399",539,
Inpro 6 Pcs Plastic Black Platter,999,289,
HOMETALES 2 Pcs Melamine Black Platter,899,429,
HOMETALES Stainless Steel 8 Inches China Plate With Laser Etching Pack Of 4  Heavy Gauze,999,399,
Home Lane 1 Pcs Acrylic Silver Tray,"1,999",729,
SR ESSENTIAL CAKE MOULDS. Aluminium Cake tin 200 mL,999,229,
12pcs Steel Cake Icing Piping Decorating Nozzles Tips Baking Tool,599,149,
SR 3 PCS HEART SHAPE CAKE MOULDS. Aluminium Cake tin 1500 mL,999,309,
ZMS MARKETING Steel Cake tin 200 mL,599,169,
erum Aluminium Cake tin 1000 mL,699,279,
SR 2 PCS CAKE MOULDS. Aluminium Cake tin 1000 mL,999,309,
Smile4u Carbon Steel Bread tin 600 mL,659,249,
Malik Aluminium Cake tin 300 mL,699,259,
HACKURS Silicone Chocolate moulds 20 mL,299,179,
SHAYAMA ENT Aluminium Cake tin 300 mL,599,289,
Vardhman Silicone Chocolate moulds 15,490,259,
Falaks Silicone Chocolate moulds 15 mL,700,449,
HIRU Aluminium Muffin Moulds 20 mL,499,249,
purple dust Plastic Sweet Moulds 100 mL,599,129,
Vardhman Rubber Chocolate moulds 35,350,259,
LEROYAL Aluminium Cake tin 1000 mL,999,279,
Creativities International Green Non-stick Coating Gumpaste Flower Making Wires,400,299,
Vardhman Aluminium Cup Cake Moulds 20 mL,500,439,
Craftial curve Silicone Cup Cake Moulds 60 mL,"1,500",469,
PRANSUNITA Silicone Chocolate moulds 15 mL,390,259,
2KS™ Non Stick Reusable Silicon Roti Chapati Rolling Baking Sheet Mat Silicon Baking tool,599,199,
ZURU BUNCH Silver Steel Baking Moulds,599,219,
Home Cloud Silicon Reusable Pastry Fondant Dough roti chapati Rolling Baking Sheet mat ,899,199,
ME Silicon Baking Moulds,599,279,
ZURU BUNCH White Plastic Baking Decoration,599,209,
Dynore Steel Steel Baking tool,750,269,
TAG3 Multicolour Plastic Baking Measuring 5 Cups Set,999,279,
Plastic Cake Plate Turntables DIY Pan Baking Tool Rotating Anti-skid Round Cake Stand Cake Decorating Rotary Table,499,319,
2KS™ Non Stick Reusable Silicon Roti Chapati Rolling Baking Sheet Mat Silicon Baking tool,599,189,
YUTIRITI Plastic Baking Decoration,484,189,
YESKART Assorted Cotton Baking Disposable,999,259,
EIGHTEEN ENTERPRISE Silicon Baking tool,499,269,
PINDIA Silicon Baking tool,782,269,
Gayatri Steel Baking Decoration 12 Pcs,399,167,
Kurtzy 100 Medium Plastic Disposable Icing Piping Pastry Bags,550,419,
Dynore Steel Steel Baking tool,800,389,
Noor Cake Decoration Icing Bag (30 Cm) With Nozzles - Set Of 10 Pcs,650,549,
Siya Multi Color Plastic Baking Moulds,"1,299",179,
Kurtzy 100 Large Plastic Disposable Icing Piping Pastry Bags,890,319,
ME Silicon Baking Moulds,599,279,
KC - Silver Steel Tea Cup ( Pack of 6 ),699,309,
bartan hub - Steel Single Walled Tea Cup 150 ml ( Pack of 6 ),999,299,
HOMETALES Insulated Double Walled Tea Cup  Inner Stainless Steel & Outer Plastic body  180 ml each ( Pack of 2 ),699,279,
HOMETALES - Steel Double Walled Tea Cup 210 ml ( Pack of 2 ),899,329,
Dynore - Steel Double Walled Tea Set 90 ml ( Pack of 4 ),"1,000",279,
LEROYAL - Steel Self Stirring Tea Cup 150 ml ( Pack of 6 ),999,329,
HOMETALES Stainless Steel Double Walled Tea Cup  90ml per Unit (6U),999,539,
VM OM SAI STEEL LIFETIME - Steel Double Walled Coffee Cup 100 ml ( Pack of 6 ),999,469,
Treo Ceramic Mug - Set of 6  Aqua Green  240ml,"1,050",711,
kk crosi - Ceramic Single Walled Coffee Cup 300 ml ( Pack of 1 ),"1,999",649,
ZMS MARKETING Steel Stainless Steel Cups Tea Cup 18 Pcs 100 ml,999,539,
Dynore Steel 4 apple cup Coffee Cup 4 Pcs 90 ml each ml,875,299,
PIQUANT KITCHENWARE Steel Tea & Coffee Cup Double Walled Tea Cup 6 Pcs 90 ml,"1,299",439,
HOMETALES - Steel Double Walled Tea Cup 90 ml ( Pack of 2 ),899,345,
VM OM SAI STEEL LIFETIME - Steel Double Walled Tea Cup 100 ml ( Pack of 6 ),999,449,
HOMETALES - Steel Double Walled Tea Cup 90 ml ( Pack of 6 ),"1,199",615,
SR STAINLESS STEEL 6 PCS SPOONS AND 6 PCS TEA CUPS.COMBO PACK OF 12 PCS. - Silver Steel Tea Cup ( Pack of 6 ),"1,200",319,
Dynore Steel Coffee Cup 4 Pcs ml,"1,200",419,
HOMETALES - Steel Double Walled Tea Cup 100 ml ( Pack of 6 ),"1,099",279,
Mosaic Trendy Stainless Steel Zodiac Sign Virgo Mug,450,339,
Treo Ceramic Mug - Set of 6  Aqua Green  240ml,"1,050",711,
HOMETALES - Blue Pastel Premium Ceramic Milk And Coffee Mug  330ml each  (Pack of 2),699,349,
HOMETALES - Pink Triple shaded Ceramic Tea Cup  Pink colour  130ml each (Pack of 6),899,469,
HOMETALES Insulated Double Walled Tea Cup  Inner Stainless Steel & Outer Plastic body  180 ml each ( Pack of 2 ),699,279,
bartan hub - Steel Single Walled Tea Cup 150 ml ( Pack of 6 ),999,299,
Dynore Steel 4 apple cup Coffee Cup 4 Pcs 90 ml each ml,875,299,
HOMETALES Stainless Steel Double Walled Coffee Mug  150ml each (2U),599,359,
HOMETALES - Coffee Steel Travel Mug ( Pack of 2 ),999,295,
Idream Quote Printed Ceramic Coffee Mug 1 Pcs 330 mL,499,239,
Somil Glass Tea Cup  Transparent  Pack Of 6  100 ml,"2,800",725,
KC - Silver Steel Tea Cup ( Pack of 6 ),699,309,
TREO Ceramic Glare Mug - Set of 2  Purple  240ml,375,244,
Treo By Milton Cascade Cool Mug Set of 2  292 ml,175,175,
Somil Glass Tea Cup  Transparent  Pack Of 6  80 ml,"2,543",649,
HOMETALES - Terra-cotta finish Kulhad Tea Cup  180ml each (Pack of 6),699,399,
OFFYX - Purple Steel Coffee Mug ( Pack of 2 ),"1,199",329,
Dynore - Steel Double Walled Tea Set 90 ml ( Pack of 4 ),"1,000",279,
Mosaic Zodaic Mug Aquarius Steel Coffee Mug 1 Pcs 200 mL,450,339,
HOMETALES - Yellow Smiley Ceramic Tea Cup  130ml each (Pack of 6),899,479,
KraftMania Ceramic Tea Cup 12 Pcs,"1,399",799,
HOMETALES Stainless Steel Tea Kettle  800ml,999,473,
Milton Bistro 600 Thermosteel Carafe  490 ml  Blue,"1,090",829,
Dynore Tea/Coffee Kettle Steel Kettle 800 ml,"1,999",699,
Milton Thermosteel Carafe 24 Hours Hot or Cold Tea/Coffee Pot  1000 ml  Silver,"1,635","1,243",
Pexpo 600ml 24 Hrs Hot and Cold Carafe  Cosmo Vacuum Insulated Tea/Coffe Kattle (Pack of 1  Silver),"1,249",809,
Milton Bistro 600 Thermosteel Carafe  490 ml  Brown,"1,090",829,
Milton Bistro 800 Thermosteel Carafe  780 ml  Black,"1,210",920,
Milton Bistro 800 Thermosteel Carafe  780 ml  Brown,"1,210",920,
Milton Bistro 800 Thermosteel Carafe  780 ml  Blue,"1,210",920,
Pexpo 1000ml 24 Hrs Hot and Cold Carafe  Cosmo Vacuum Insulated Tea/Coffe Kattle (Pack of 1  Blue),"1,499",975,
Treo By Milton Borosilicate Carafe Slant  500 ml | Microwave Safe | Flame Safe | Food Safe | Light Weight | Tea Carafe | Water Carafe,425,425,
Milton Thermosteel Carafe 24 Hours Hot or Cold Tea/Coffee Pot  2000 ml  Silver,"2,240","1,702",
Milton Bistro 600 Thermosteel Carafe  490 ml  Black,"1,090",829,
Pexpo 2000ml 24 Hrs Hot and Cold Carafe  Cosmo Vacuum Insulated Tea/Coffe Kattle (Pack of 1  Red),"1,999","1,299",
Milton Thermosteel Carafe 24 Hours Hot or Cold Tea/Coffee Pot  1500 ml  Silver,"1,910","1,452",
Milton Carafe 600 Thermosteel Hot or Cold Flask  600 ml  Silver,"1,305",992,
Pexpo 2000ml 24 Hrs Hot and Cold Carafe  Cosmo Vacuum Insulated Tea/Coffe Kattle (Pack of 1  Blue),"1,999","1,299",
Pexpo 1500ml 24 Hrs Hot and Cold Carafe  Cosmo Vacuum Insulated Tea/Coffe Kattle (Pack of 1  Blue),"1,749","1,135",
Pexpo 1000ml 24 Hrs Hot and Cold Carafe  Cosmo Vacuum Insulated Tea/Coffe Kattle (Pack of 1  Red),"1,499",975,
Pexpo 600ml 24 Hrs Hot and Cold Carafe  Cosmo Vacuum Insulated Tea/Coffe Kattle (Pack of 1  Blue),"1,249",809,
